{
  "project_info": {
    "project_number": "351178322420",
    "firebase_url": "https://fir-crud-2a587.firebaseio.com",
    "project_id": "fir-crud-2a587",
    "storage_bucket": "fir-crud-2a587.appspot.com"
  },
  "client": [
    {
      "client_info": {
        "mobilesdk_app_id": "1:351178322420:android:b1d49e961d1a110c",
        "android_client_info": {
          "package_name": "com.example.firebasecrud"
        }
      },
      "oauth_client": [
        {
          "client_id": "351178322420-ai4ifqrfeupsomjddsrr5oqk7si4nj88.apps.googleusercontent.com",
          "client_type": 1,
          "android_info": {
            "package_name": "com.example.firebasecrud",
            "certificate_hash": "8e0921d7946182b8c0e379bc33408756597f56b7"
          }
        },
        {
          "client_id": "351178322420-vrvghri25gkhqs82nbadjnd1n9po30ij.apps.googleusercontent.com",
          "client_type": 3
        }
      ],
      "api_key": [
        {
          "current_key": "AIzaSyCe8MOgRICBHfmZ4KzSUHJ-kg3J-EYZXKM"
        }
      ],
      "services": {
        "analytics_service": {
          "status": 1
        },
        "appinvite_service": {
          "status": 2,
          "other_platform_oauth_client": [
            {
              "client_id": "218823702953-22j5h0rcjb8j980ovq64fgkhu25rfr2t.apps.googleusercontent.com",
              "client_type": 3
            }
          ]
        },
        "ads_service": {
          "status": 2
        }
      }
    },
    {
      "client_info": {
        "mobilesdk_app_id": "1:218823702953:android:087af93a12f8a8f9",
        "android_client_info": {
          "package_name": "com.vip.firebasecrud"
        }
      },
      "oauth_client": [
        {
          "client_id": "218823702953-0tk6ov4f63kn4nudkv2q3c53bsjq2ao4.apps.googleusercontent.com",
          "client_type": 1,
          "android_info": {
            "package_name": "com.vip.firebasecrud",
            "certificate_hash": "ed3df6f8ee15971aaa2c5d83ecd0105e445abed8"
          }
        },
        {
          "client_id": "218823702953-22j5h0rcjb8j980ovq64fgkhu25rfr2t.apps.googleusercontent.com",
          "client_type": 3
        }
      ],
      "api_key": [
        {
          "current_key": "AIzaSyD5SqTXq78Td48dCkLFBTqGILeZKh9N140"
        }
      ],
      "services": {
        "analytics_service": {
          "status": 1
        },
        "appinvite_service": {
          "status": 2,
          "other_platform_oauth_client": [
            {
              "client_id": "218823702953-22j5h0rcjb8j980ovq64fgkhu25rfr2t.apps.googleusercontent.com",
              "client_type": 3
            }
          ]
        },
        "ads_service": {
          "status": 2
        }
      }
    }
  ],
  "configuration_version": "1"
}